{
  "dataset": "dolfin_en_it",
  "workflow": "ADT_multi_agents",
  "model": "qwen3-235b",
  "total_samples": 13,
  "successful_samples": 13,
  "failed_samples": 0,
  "samples": [
    {
      "sample_idx": 0,
      "sample_id": 561,
      "source_lang": "en",
      "target_lang": "it",
      "lang_pair": "en_it",
      "error": null,
      "chrf_scores": [
        0.3840203196515133,
        3.189707695098234,
        7.928192500546201,
        49.77329880921367,
        6.19478332317349,
        10.4107075152426,
        5.624519295834077,
        8.010611548592607,
        74.47909775931413
      ],
      "bleu_scores": [
        4.340399689677488e-121,
        2.800689674372775e-12,
        0.000297371187227158,
        22.287182453950283,
        0.0003121846091548586,
        0.03589313506673765,
        3.92717812928546e-06,
        0.0007597224288372089,
        44.58498001934443
      ],
      "term_success_rates": [
        -1.0,
        -1.0,
        -1.0,
        -1.0,
        -1.0,
        -1.0,
        -1.0,
        -1.0,
        -1.0
      ],
      "tokens_input": 27779,
      "tokens_output": 13009,
      "latency": 194.5405149459839
    },
    {
      "sample_idx": 1,
      "sample_id": 1449,
      "source_lang": "en",
      "target_lang": "it",
      "lang_pair": "en_it",
      "error": null,
      "chrf_scores": [
        6.334852901068926,
        13.378662959164034,
        8.719732219960518,
        7.75395744956594,
        8.667316907442867,
        41.32314512381083,
        67.84999260422059
      ],
      "bleu_scores": [
        4.959144044836158e-05,
        0.20442155551498414,
        0.0017069663395978475,
        0.0012579359091667525,
        0.00307070165163607,
        14.30103241920816,
        34.403267403976585
      ],
      "term_success_rates": [
        -1.0,
        -1.0,
        -1.0,
        -1.0,
        -1.0,
        -1.0,
        -1.0
      ],
      "tokens_input": 18331,
      "tokens_output": 9176,
      "latency": 146.96268916130066
    },
    {
      "sample_idx": 2,
      "sample_id": 1504,
      "source_lang": "en",
      "target_lang": "it",
      "lang_pair": "en_it",
      "error": null,
      "chrf_scores": [
        59.47445733629561,
        30.057626242010993,
        73.300924203515
      ],
      "bleu_scores": [
        30.944807034499803,
        5.8641130001884045,
        35.36214069442906
      ],
      "term_success_rates": [
        -1.0,
        -1.0,
        -1.0
      ],
      "tokens_input": 6782,
      "tokens_output": 2759,
      "latency": 53.410449504852295
    },
    {
      "sample_idx": 3,
      "sample_id": 758,
      "source_lang": "en",
      "target_lang": "it",
      "lang_pair": "en_it",
      "error": null,
      "chrf_scores": [
        26.489167842638437,
        26.489429879681058,
        27.095672830310484,
        0.363280054062678,
        3.0187923068233573,
        1.0532837408681197,
        1.5389996775344827,
        1.6113713054131156,
        1.2241233225503265,
        70.19000746276075
      ],
      "bleu_scores": [
        3.79444837944414,
        3.5228969311432925,
        3.972155350139349,
        2.5577936867143168e-112,
        5.538818438659524e-11,
        2.1111322956650748e-47,
        1.240934176616356e-25,
        1.0406375143552918e-28,
        5.495610261946262e-38,
        35.6632840355559
      ],
      "term_success_rates": [
        -1.0,
        -1.0,
        -1.0,
        -1.0,
        -1.0,
        -1.0,
        -1.0,
        -1.0,
        -1.0,
        -1.0
      ],
      "tokens_input": 34852,
      "tokens_output": 14519,
      "latency": 258.57819843292236
    },
    {
      "sample_idx": 4,
      "sample_id": 155,
      "source_lang": "en",
      "target_lang": "it",
      "lang_pair": "en_it",
      "error": null,
      "chrf_scores": [
        48.24860977626771,
        41.833190667225324,
        76.42415397938173
      ],
      "bleu_scores": [
        19.055297100835322,
        20.120204463866393,
        49.17890949654063
      ],
      "term_success_rates": [
        -1.0,
        -1.0,
        -1.0
      ],
      "tokens_input": 9278,
      "tokens_output": 5661,
      "latency": 113.91055846214294
    },
    {
      "sample_idx": 5,
      "sample_id": 109,
      "source_lang": "en",
      "target_lang": "it",
      "lang_pair": "en_it",
      "error": null,
      "chrf_scores": [
        0.07212625696763622,
        21.450800870301133,
        21.05093674878683,
        20.863772180789507,
        20.355510273590248,
        6.704983468748067,
        67.70491373111138
      ],
      "bleu_scores": [
        0.0,
        1.3208405968887797,
        1.0518794819211879,
        1.044962722203905,
        1.0885807422831721,
        4.2080801114072314e-05,
        32.45994596098881
      ],
      "term_success_rates": [
        -1.0,
        -1.0,
        -1.0,
        -1.0,
        -1.0,
        -1.0,
        -1.0
      ],
      "tokens_input": 31788,
      "tokens_output": 15232,
      "latency": 251.98508954048157
    },
    {
      "sample_idx": 6,
      "sample_id": 759,
      "source_lang": "en",
      "target_lang": "it",
      "lang_pair": "en_it",
      "error": null,
      "chrf_scores": [
        31.65186344485339,
        33.33494882068564,
        22.562440467139268,
        70.82132400442342
      ],
      "bleu_scores": [
        7.772542064219178,
        7.3264662047812115,
        1.9464247101405618,
        37.64430753137403
      ],
      "term_success_rates": [
        -1.0,
        -1.0,
        -1.0,
        -1.0
      ],
      "tokens_input": 14780,
      "tokens_output": 7146,
      "latency": 127.55646967887878
    },
    {
      "sample_idx": 7,
      "sample_id": 424,
      "source_lang": "en",
      "target_lang": "it",
      "lang_pair": "en_it",
      "error": null,
      "chrf_scores": [
        31.7883317089395,
        1.5312867464554247,
        4.920871714011653,
        1.499957946012193,
        4.592784420021865,
        2.126567271376544,
        2.4301822301440126,
        1.7693921770363017,
        1.5801720021668508,
        32.21885246498852,
        2.4120010306988973,
        3.2418794074989528,
        0.4441278213497626,
        71.46315610224507
      ],
      "bleu_scores": [
        6.8951111556217475,
        8.123350414817657e-29,
        1.0121272105407011e-07,
        7.1749902303710705e-28,
        8.218971005124615e-08,
        4.491744754583389e-19,
        7.07833657813522e-16,
        7.008880689593579e-21,
        8.341085465327144e-23,
        9.75295085720082,
        5.636019580274936e-17,
        1.0965489665334707e-14,
        8.96565674770925e-46,
        36.52805207412305
      ],
      "term_success_rates": [
        -1.0,
        -1.0,
        -1.0,
        -1.0,
        -1.0,
        -1.0,
        -1.0,
        -1.0,
        -1.0,
        -1.0,
        -1.0,
        -1.0,
        -1.0,
        -1.0
      ],
      "tokens_input": 45163,
      "tokens_output": 19028,
      "latency": 337.1712567806244
    },
    {
      "sample_idx": 8,
      "sample_id": 509,
      "source_lang": "en",
      "target_lang": "it",
      "lang_pair": "en_it",
      "error": null,
      "chrf_scores": [
        46.48706005126286,
        34.41466814915608,
        66.57192678046151
      ],
      "bleu_scores": [
        15.537967097674596,
        9.630580117640042,
        31.648920183435806
      ],
      "term_success_rates": [
        -1.0,
        -1.0,
        -1.0
      ],
      "tokens_input": 7263,
      "tokens_output": 2948,
      "latency": 54.646881103515625
    },
    {
      "sample_idx": 9,
      "sample_id": 810,
      "source_lang": "en",
      "target_lang": "it",
      "lang_pair": "en_it",
      "error": null,