{
  "dataset": "dolfin_en_it",
  "workflow": "SbS_chat_step_by_step",
  "model": "gpt-oss-20b",
  "total_samples": 13,
  "successful_samples": 13,
  "failed_samples": 0,
  "samples": [
    {
      "sample_idx": 0,
      "sample_id": 561,
      "source_lang": "en",
      "target_lang": "it",
      "lang_pair": "en_it",
      "error": null,
      "chrf_scores": [
        33.583647646871135,
        59.37730733406907,
        52.686133164238,
        58.079490380878354
      ],
      "bleu_scores": [
        2.3785521046550886,
        17.14792488481002,
        15.08327708481136,
        17.629196737631247
      ],
      "term_success_rates": [
        -1.0,
        -1.0,
        -1.0,
        -1.0
      ],
      "tokens_input": 30278,
      "tokens_output": 15698,
      "latency": 39.49377107620239
    },
    {
      "sample_idx": 1,
      "sample_id": 1449,
      "source_lang": "en",
      "target_lang": "it",
      "lang_pair": "en_it",
      "error": null,
      "chrf_scores": [
        33.56094389642381,
        61.22466992443177,
        57.78769848201295,
        57.99280909317706
      ],
      "bleu_scores": [
        3.37247716280784,
        19.51341492185645,
        15.739805827639051,
        16.001478369137867
      ],
      "term_success_rates": [
        -1.0,
        -1.0,
        -1.0,
        -1.0
      ],
      "tokens_input": 26431,
      "tokens_output": 14350,
      "latency": 86.69612336158752
    },
    {
      "sample_idx": 2,
      "sample_id": 1504,
      "source_lang": "en",
      "target_lang": "it",
      "lang_pair": "en_it",
      "error": null,
      "chrf_scores": [
        7.749739694971779,
        15.360869797206547,
        65.32454896923358,
        51.994452556352556
      ],
      "bleu_scores": [
        0.025003991914495923,
        0.1921211840469766,
        27.16295312872441,
        11.463123675212259
      ],
      "term_success_rates": [
        -1.0,
        -1.0,
        -1.0,
        -1.0
      ],
      "tokens_input": 25033,
      "tokens_output": 12604,
      "latency": 44.78272867202759
    },
    {
      "sample_idx": 3,
      "sample_id": 758,
      "source_lang": "en",
      "target_lang": "it",
      "lang_pair": "en_it",
      "error": null,
      "chrf_scores": [
        20.382634406414482,
        15.446437851808186,
        67.43741932197076,
        59.85236176341674
      ],
      "bleu_scores": [
        0.09337419840276541,
        1.0040068961505684,
        33.84341983167164,
        20.57761055535396
      ],
      "term_success_rates": [
        -1.0,
        -1.0,
        -1.0,
        -1.0
      ],
      "tokens_input": 40782,
      "tokens_output": 15949,
      "latency": 39.01165270805359
    },
    {
      "sample_idx": 4,
      "sample_id": 155,
      "source_lang": "en",
      "target_lang": "it",
      "lang_pair": "en_it",
      "error": null,
      "chrf_scores": [
        31.879948479028847,
        61.61541777214433,
        10.418637248296033,
        18.147499206504435
      ],
      "bleu_scores": [
        5.267167836188327,
        19.180342916488392,
        0.09942014204373535,
        1.560174945296302
      ],
      "term_success_rates": [
        -1.0,
        -1.0,
        -1.0,
        -1.0
      ],
      "tokens_input": 32690,
      "tokens_output": 17608,
      "latency": 32.72310519218445
    },
    {
      "sample_idx": 5,
      "sample_id": 109,
      "source_lang": "en",
      "target_lang": "it",
      "lang_pair": "en_it",
      "error": null,
      "chrf_scores": [
        11.52080147213645,
        26.518720766226682,
        57.99617041391839,
        22.690906283561425
      ],
      "bleu_scores": [
        0.06228474383847187,
        10.58419543271443,
        28.37932997183949,
        4.663101925339758
      ],
      "term_success_rates": [
        -1.0,
        -1.0,
        -1.0,
        -1.0
      ],
      "tokens_input": 41795,
      "tokens_output": 13996,
      "latency": 44.610790491104126
    },
    {
      "sample_idx": 6,
      "sample_id": 759,
      "source_lang": "en",
      "target_lang": "it",
      "lang_pair": "en_it",
      "error": null,
      "chrf_scores": [
        27.043862658163764,
        50.842128201429304,
        65.35799616803459,
        42.4170987253196
      ],
      "bleu_scores": [
        0.3391822676960228,
        14.356150906143709,
        34.588595283951754,
        10.824239766194074
      ],
      "term_success_rates": [
        -1.0,
        -1.0,
        -1.0,
        -1.0
      ],
      "tokens_input": 36375,
      "tokens_output": 16413,
      "latency": 37.79990482330322
    },
    {
      "sample_idx": 7,
      "sample_id": 424,
      "source_lang": "en",
      "target_lang": "it",
      "lang_pair": "en_it",
      "error": null,
      "chrf_scores": [
        17.714658966241334,
        70.9991958307947,
        69.27889488703322,
        68.99804121415029
      ],
      "bleu_scores": [
        0.06898382247508286,
        35.675636031875065,
        27.01104700942664,
        26.304598962594444
      ],
      "term_success_rates": [
        -1.0,
        -1.0,
        -1.0,
        -1.0
      ],
      "tokens_input": 38162,
      "tokens_output": 16837,
      "latency": 47.01493859291077
    },
    {
      "sample_idx": 8,
      "sample_id": 509,
      "source_lang": "en",
      "target_lang": "it",
      "lang_pair": "en_it",
      "error": null,
      "chrf_scores": [
        23.503123291392246,
        54.935278359145,
        59.718185540353716,
        42.055037916897774
      ],
      "bleu_scores": [
        3.34152638590364,
        12.395723811085217,
        17.291914488601194,
        6.4555202035778
      ],
      "term_success_rates": [
        -1.0,
        -1.0,
        -1.0,
        -1.0
      ],
      "tokens_input": 26225,
      "tokens_output": 13316,
      "latency": 38.1637761592865
    },
    {
      "sample_idx": 9,
      "sample_id": 810,
      "source_lang": "en",
      "target_lang": "it",
      "lang_pair": "en_it",
      "error": null,
      "chrf_scores": [
        37.23977062175485,
        61.53736762283574,
        63.35045086647698,
        72.36936270753532
      ],
      "bleu_scores": [
        7.141828204888229,
        19.79430948630808,
        21.140104872995824,
        36.69257637791919
      ],
      "term_success_rates": [
        -1.0,
        -1.0,
        -1.0,
        -1.0
      ],
      "tokens_input": 31474,
      "tokens_output": 14635,
      "latency": 50.76260471343994
    },
    {
      "sample_idx": 10,
      "sample_id": 444,
      "source_lang": "en",
      "target_lang": "it",
      "lang_pair": "en_it",
      "error": null,
      "chrf_scores": [
        30.999563829588094,
        32.33670933212742,
        64.80404861254205,
        50.24857301278634
      ],
      "bleu_scores": [
        3.2786874020159726,
        4.026146482093203,
        27.707395908944708,
        10.810338852282246
      ],
      "term_success_rates": [
        -1.0,
        -1.0,
        -1.0,
        -1.0
      ],
      "tokens_input": 31906,
      "tokens_output": 15879,
      "latency": 54.14216446876526
    },
    {
      "sample_idx": 11,
      "sample_id": 760,
      "source_lang": "en",
      "target_lang": "it",
      "lang_pair": "en_it",
      "error": null,
      "chrf_scores": [
        26.453137676164584,
        20.782126885080014,
        62.663565291278914,
        25.508647381178857
      ],
      "bleu_scores": [
        0.1775918585093929,
        2.936236516746348,
        24.195454417560324,
        1.718965596752625
      ],
      "term_success_rates": [
        -1.0,
        -1.0,
        -1.0,
        -1.0
      ],
      "tokens_input": 37318,
      "tokens_output": 16251,
      "latency": 38.82178544998169
    },
    {
      "sample_idx": 12,
      "sample_id": 1519,
      "source_lang": "en",
      "target_lang": "it",
      "lang_pair": "en_it",
      "error": null,