{
  "dataset": "dolfin_en_de",
  "workflow": "ADT_multi_agents",
  "model": "qwen3-235b",
  "total_samples": 13,
  "successful_samples": 13,
  "failed_samples": 0,
  "samples": [
    {
      "sample_idx": 0,
      "sample_id": 3873,
      "source_lang": "en",
      "target_lang": "de",
      "lang_pair": "en_de",
      "error": null,
      "chrf_scores": [
        30.655399894670914,
        1.7512069131985892,
        8.886410988501318,
        35.02751739654094,
        16.212848072377074,
        73.83079894171144
      ],
      "bleu_scores": [
        6.305566467058174,
        1.1073202865362604e-25,
        0.002047740557607843,
        7.978532866852249,
        0.18705278769538383,
        40.21166085953087
      ],
      "term_success_rates": [
        -1.0,
        -1.0,
        -1.0,
        -1.0,
        -1.0,
        -1.0
      ],
      "tokens_input": 21539,
      "tokens_output": 9812,
      "latency": 174.39874625205994
    },
    {
      "sample_idx": 1,
      "sample_id": 4103,
      "source_lang": "en",
      "target_lang": "de",
      "lang_pair": "en_de",
      "error": null,
      "chrf_scores": [
        47.35373775953348,
        33.510575503046944,
        67.66877969169151
      ],
      "bleu_scores": [
        18.715717703912173,
        7.059838692961602,
        32.85413072187062
      ],
      "term_success_rates": [
        -1.0,
        -1.0,
        -1.0
      ],
      "tokens_input": 7252,
      "tokens_output": 3144,
      "latency": 56.78391122817993
    },
    {
      "sample_idx": 2,
      "sample_id": 3854,
      "source_lang": "en",
      "target_lang": "de",
      "lang_pair": "en_de",
      "error": null,
      "chrf_scores": [
        30.41390398805388,
        2.7021300405254545,
        6.011766388965237,
        14.637195739564557,
        5.078706817633187,
        8.2472589834599,
        3.3043951636965283,
        22.770876204596462,
        0.023752220347377073,
        7.183500592193656,
        71.51776667576625
      ],
      "bleu_scores": [
        8.13223684481536,
        1.3304460507758916e-13,
        2.141537539284859e-05,
        0.0916239057394364,
        3.1860833648002645e-06,
        0.0006937465841142686,
        4.5334846853188734e-11,
        2.0258470696996334,
        0.0,
        7.35407178036624e-05,
        34.56332653026145
      ],
      "term_success_rates": [
        -1.0,
        -1.0,
        -1.0,
        -1.0,
        -1.0,
        -1.0,
        -1.0,
        -1.0,
        -1.0,
        -1.0,
        -1.0
      ],
      "tokens_input": 41854,
      "tokens_output": 18820,
      "latency": 318.30128598213196
    },
    {
      "sample_idx": 3,
      "sample_id": 4050,
      "source_lang": "en",
      "target_lang": "de",
      "lang_pair": "en_de",
      "error": null,
      "chrf_scores": [
        57.38751340764564,
        29.236477731635834,
        75.58722043304363
      ],
      "bleu_scores": [
        33.354663703875616,
        5.298869627044351,
        51.88973263458304
      ],
      "term_success_rates": [
        -1.0,
        -1.0,
        -1.0
      ],
      "tokens_input": 7486,
      "tokens_output": 3415,
      "latency": 58.51034641265869
    },
    {
      "sample_idx": 4,
      "sample_id": 3832,
      "source_lang": "en",
      "target_lang": "de",
      "lang_pair": "en_de",
      "error": null,
      "chrf_scores": [
        42.75450311478907,
        2.2197765710372686,
        2.1496654602034266,
        7.782434455944495,
        2.1439167428500445,
        6.943388480247495,
        3.6644947266884964,
        4.598856122848952,
        3.3285160902352837,
        3.3722120582040422,
        62.61468949415373
      ],
      "bleu_scores": [
        13.756903665136859,
        4.474370637658751e-19,
        3.402275501840374e-17,
        0.0004838263744528066,
        5.734653566178005e-18,
        2.3191734328857086e-05,
        4.911414004355226e-10,
        1.3773845561708147e-07,
        8.133924207857733e-12,
        6.690927750484375e-10,
        24.873370291564616
      ],
      "term_success_rates": [
        -1.0,
        -1.0,
        -1.0,
        -1.0,
        -1.0,
        -1.0,
        -1.0,
        -1.0,
        -1.0,
        -1.0,
        -1.0
      ],
      "tokens_input": 26013,
      "tokens_output": 10299,
      "latency": 184.03694701194763
    },
    {
      "sample_idx": 5,
      "sample_id": 4246,
      "source_lang": "en",
      "target_lang": "de",
      "lang_pair": "en_de",
      "error": null,
      "chrf_scores": [
        30.288641833990088,
        5.679910553066418,
        4.930243956754634,
        5.369558691145077,
        20.768070835143664,
        23.29479404142496,
        1.0083963632439044,
        69.6661511329406
      ],
      "bleu_scores": [
        5.709654664813496,
        2.335988624255346e-05,
        6.420613820536983e-08,
        4.4319218201768654e-07,
        1.212260529263902,
        2.0821184745413563,
        1.5447814618094425e-23,
        31.29398230199029
      ],
      "term_success_rates": [
        -1.0,
        -1.0,
        -1.0,
        -1.0,
        -1.0,
        -1.0,
        -1.0,
        -1.0
      ],
      "tokens_input": 27243,
      "tokens_output": 12105,
      "latency": 252.23854160308838
    },
    {
      "sample_idx": 6,
      "sample_id": 5479,
      "source_lang": "en",
      "target_lang": "de",
      "lang_pair": "en_de",
      "error": null,
      "chrf_scores": [
        4.684802243447743,
        41.852736711385,
        2.2230504439837975,
        2.4183436947686108,
        2.053012627599949,
        1.2622480541334493,
        1.1972765818294757,
        8.14036832720366,
        15.855943449721535,
        3.517535883269286,
        4.3051759281915425,
        5.419861442473637,
        72.26658574330999
      ],
      "bleu_scores": [
        2.3624861630750237e-09,
        15.783993895159028,
        2.4455761419790517e-17,
        1.2685324790476648e-17,
        4.739337929611171e-19,
        1.4753287572777635e-36,
        2.8897135795910145e-39,
        0.002010550560999696,
        0.24753652914130725,
        8.505443784889041e-11,
        1.4771969297103936e-08,
        6.352823210109871e-07,
        43.50970223685257
      ],
      "term_success_rates": [
        -1.0,
        -1.0,
        -1.0,
        -1.0,
        -1.0,
        -1.0,
        -1.0,
        -1.0,
        -1.0,
        -1.0,
        -1.0,
        -1.0,
        -1.0
      ],
      "tokens_input": 38697,
      "tokens_output": 16256,
      "latency": 270.74226093292236
    },
    {
      "sample_idx": 7,
      "sample_id": 4875,
      "source_lang": "en",
      "target_lang": "de",
      "lang_pair": "en_de",
      "error": null,
      "chrf_scores": [
        14.221056646193547,
        22.98933528477438,
        48.079108460150415,
        68.60181225172381
      ],
      "bleu_scores": [
        0.09563412350911324,
        1.3487859404275853,
        17.696664635004026,
        32.18160572298889
      ],
      "term_success_rates": [
        -1.0,
        -1.0,
        -1.0,
        -1.0
      ],
      "tokens_input": 9017,
      "tokens_output": 4056,
      "latency": 67.80492544174194
    },
    {
      "sample_idx": 8,
      "sample_id": 3965,
      "source_lang": "en",
      "target_lang": "de",
      "lang_pair": "en_de",
      "error": null,
      "chrf_scores": [
        12.852956396052404,
        26.27940050427252,
        8.86822395674879,
        20.652936494474645,
        4.655516818898249,
        4.1678781147919866,
        10.715863043138508,
        66.62031137959181
      ],
      "bleu_scores": [
        0.14558886940555846,
        3.4628264181306005,
        0.001038408575044888,
        1.1548273260576227,
        1.8777419299186288e-07,
        2.9713299467855884e-08,
        0.016575534902008023,
        33.40152178153779
      ],