{
  "dataset": "dolfin_en_es",
  "workflow": "ADT_multi_agents",
  "model": "qwen3-235b",
  "total_samples": 17,
  "successful_samples": 17,
  "failed_samples": 0,
  "samples": [
    {
      "sample_idx": 0,
      "sample_id": 1869,
      "source_lang": "en",
      "target_lang": "es",
      "lang_pair": "en_es",
      "error": null,
      "chrf_scores": [
        51.6029571741373,
        28.7972938213041,
        2.3135577463370915,
        67.04556862874578
      ],
      "bleu_scores": [
        24.845641968448405,
        6.890992589502309,
        1.551033657626717e-09,
        36.276625082449605
      ],
      "term_success_rates": [
        -1.0,
        -1.0,
        -1.0,
        -1.0
      ],
      "tokens_input": 8450,
      "tokens_output": 3082,
      "latency": 56.448437213897705
    },
    {
      "sample_idx": 1,
      "sample_id": 2444,
      "source_lang": "en",
      "target_lang": "es",
      "lang_pair": "en_es",
      "error": null,
      "chrf_scores": [
        41.469805512523976,
        33.16548297778568,
        62.93915918191701
      ],
      "bleu_scores": [
        12.362679129856332,
        8.220347373189634,
        28.513256230592383
      ],
      "term_success_rates": [
        -1.0,
        -1.0,
        -1.0
      ],
      "tokens_input": 8520,
      "tokens_output": 4531,
      "latency": 79.28146743774414
    },
    {
      "sample_idx": 2,
      "sample_id": 3386,
      "source_lang": "en",
      "target_lang": "es",
      "lang_pair": "en_es",
      "error": null,
      "chrf_scores": [
        2.0448631400941273,
        19.24333206198047,
        10.984537660288709,
        20.698262447173445,
        25.71380629474738,
        5.721170630479267,
        12.53548788314324,
        72.19135410025626
      ],
      "bleu_scores": [
        8.546421362693591e-23,
        0.6147828174744034,
        0.010428895203398344,
        1.168006201047455,
        2.9415768588865268,
        2.6921881329330855e-06,
        0.04013588013600534,
        42.508957771997125
      ],
      "term_success_rates": [
        -1.0,
        -1.0,
        -1.0,
        -1.0,
        -1.0,
        -1.0,
        -1.0,
        -1.0
      ],
      "tokens_input": 28402,
      "tokens_output": 12730,
      "latency": 210.33200001716614
    },
    {
      "sample_idx": 3,
      "sample_id": 2121,
      "source_lang": "en",
      "target_lang": "es",
      "lang_pair": "en_es",
      "error": null,
      "chrf_scores": [
        47.02595917109561,
        11.3788306942343,
        6.549207011803129,
        5.351144296470885,
        5.0174000832513626,
        5.52148186827516,
        2.218685251224428,
        0.9804486834229501,
        3.6645066705993226,
        0.500483622388407,
        70.9069543526074
      ],
      "bleu_scores": [
        20.108004368167204,
        0.012527060958463907,
        9.613179779999625e-05,
        3.0273760038121605e-06,
        3.6421860764894597e-07,
        3.001056423010984e-05,
        1.577899900805768e-14,
        1.4981231225312949e-41,
        2.0644830438382665e-08,
        2.3571684999697048e-65,
        38.80004056882073
      ],
      "term_success_rates": [
        -1.0,
        -1.0,
        -1.0,
        -1.0,
        -1.0,
        -1.0,
        -1.0,
        -1.0,
        -1.0,
        -1.0,
        -1.0
      ],
      "tokens_input": 29603,
      "tokens_output": 11861,
      "latency": 186.59402441978455
    },
    {
      "sample_idx": 4,
      "sample_id": 2120,
      "source_lang": "en",
      "target_lang": "es",
      "lang_pair": "en_es",
      "error": null,
      "chrf_scores": [
        53.43403365875001,
        10.36281474568746,
        2.6739089390325246,
        5.609725430585012,
        2.88198715169239,
        1.2677609398401157,
        2.7219416177556544,
        0.6452615563053367,
        67.9951978899446
      ],
      "bleu_scores": [
        27.689994417757966,
        0.019052640907397653,
        2.198509696210414e-10,
        2.285012999473254e-05,
        2.366267357348607e-12,
        8.211809673931574e-36,
        1.9267396895382004e-13,
        2.214561012672074e-56,
        40.15571187304788
      ],
      "term_success_rates": [
        -1.0,
        -1.0,
        -1.0,
        -1.0,
        -1.0,
        -1.0,
        -1.0,
        -1.0,
        -1.0
      ],
      "tokens_input": 19868,
      "tokens_output": 7416,
      "latency": 130.21317434310913
    },
    {
      "sample_idx": 5,
      "sample_id": 3345,
      "source_lang": "en",
      "target_lang": "es",
      "lang_pair": "en_es",
      "error": null,
      "chrf_scores": [
        32.139481947880775,
        9.911288073700838,
        22.83531831760603,
        2.280174821680952,
        8.680784403571309,
        23.223568988203578,
        69.11665579405722
      ],
      "bleu_scores": [
        12.044576774030357,
        0.007581263859505812,
        2.185393437472947,
        2.230330846615627e-16,
        0.005041461052925681,
        2.1367838969839354,
        31.678938112636757
      ],
      "term_success_rates": [
        -1.0,
        -1.0,
        -1.0,
        -1.0,
        -1.0,
        -1.0,
        -1.0
      ],
      "tokens_input": 14869,
      "tokens_output": 6183,
      "latency": 97.89020371437073
    },
    {
      "sample_idx": 6,
      "sample_id": 1833,
      "source_lang": "en",
      "target_lang": "es",
      "lang_pair": "en_es",
      "error": null,
      "chrf_scores": [
        9.584920109346516,
        0.3265846334558095,
        0.6121386683349112,
        50.35712175143018,
        1.2465811072403452,
        17.570339472726324,
        1.0607183826497864,
        1.893620440799948,
        0.34907543651667416,
        69.92450233107348
      ],
      "bleu_scores": [
        0.004902537369611843,
        1.061410573981115e-92,
        3.449184145452915e-36,
        24.08475694569455,
        3.185229333654488e-36,
        0.6553252607698629,
        2.2154955572075442e-49,
        3.3757651756228655e-19,
        8.710229261505642e-139,
        43.049373419974906
      ],
      "term_success_rates": [
        -1.0,
        -1.0,
        -1.0,
        -1.0,
        -1.0,
        -1.0,
        -1.0,
        -1.0,
        -1.0,
        -1.0
      ],
      "tokens_input": 32064,
      "tokens_output": 14422,
      "latency": 220.30263304710388
    },
    {
      "sample_idx": 7,
      "sample_id": 2261,
      "source_lang": "en",
      "target_lang": "es",
      "lang_pair": "en_es",
      "error": null,
      "chrf_scores": [
        7.59895255551055,
        0.46174468443475364,
        0.05992656986708435,
        0.05992656986708435,
        0.05992656986708435,
        0.4385201207454835,
        0.05992656986708435,
        0.05992656986708435,
        0.05992656986708435,
        56.50724224840952,
        3.482215650527529,
        4.770035015748715,
        2.0408885110120827,
        3.906427725147246,
        8.652753971318388,
        1.513361761804633,
        75.70814026183297
      ],
      "bleu_scores": [
        0.0003702184103957763,
        6.831872149653186e-78,
        0.0,
        0.0,
        0.0,
        6.831872149653186e-78,
        0.0,
        0.0,
        0.0,
        32.95486257417059,
        2.237239744133871e-13,
        2.477157296074577e-07,
        3.967524741354826e-18,
        2.9812872844285124e-09,
        0.0012260144670204667,
        2.2617512452938765e-26,
        52.60662294126282
      ],
      "term_success_rates": [
        -1.0,
        -1.0,
        -1.0,
        -1.0,
        -1.0,
        -1.0,
        -1.0,
        -1.0,
        -1.0,
        -1.0,
        -1.0,
        -1.0,
        -1.0,
        -1.0,
        -1.0,
        -1.0,
        -1.0
      ],
      "tokens_input": 40695,
      "tokens_output": 16422,
      "latency": 272.28805136680603
    },
    {
      "sample_idx": 8,
      "sample_id": 1880,
      "source_lang": "en",
      "target_lang": "es",
      "lang_pair": "en_es",