{
  "dataset": "dolfin_en_es",
  "workflow": "SbS_chat_step_by_step",
  "model": "qwen3-32b",
  "total_samples": 17,
  "successful_samples": 17,
  "failed_samples": 0,
  "samples": [
    {
      "sample_idx": 0,
      "sample_id": 1869,
      "source_lang": "en",
      "target_lang": "es",
      "lang_pair": "en_es",
      "error": null,
      "chrf_scores": [
        26.10626897410186,
        65.13109836142104,
        65.13109836142104,
        65.13109836142104
      ],
      "bleu_scores": [
        2.2975304435616217,
        37.713851768230995,
        37.713851768230995,
        37.713851768230995
      ],
      "term_success_rates": [
        -1.0,
        -1.0,
        -1.0,
        -1.0
      ],
      "tokens_input": 17833,
      "tokens_output": 6338,
      "latency": 16.32236647605896
    },
    {
      "sample_idx": 1,
      "sample_id": 2444,
      "source_lang": "en",
      "target_lang": "es",
      "lang_pair": "en_es",
      "error": null,
      "chrf_scores": [
        36.47815897198318,
        62.49464273766551,
        62.49464273766551,
        62.49464273766551
      ],
      "bleu_scores": [
        4.0324684651808544,
        30.052548303549138,
        30.052548303549138,
        30.052548303549138
      ],
      "term_success_rates": [
        -1.0,
        -1.0,
        -1.0,
        -1.0
      ],
      "tokens_input": 25777,
      "tokens_output": 10108,
      "latency": 25.01117491722107
    },
    {
      "sample_idx": 2,
      "sample_id": 3386,
      "source_lang": "en",
      "target_lang": "es",
      "lang_pair": "en_es",
      "error": null,
      "chrf_scores": [
        24.40117318543495,
        66.20101785534554,
        66.23938517503835,
        66.19456677267469
      ],
      "bleu_scores": [
        1.5686964158837915,
        37.018681168562935,
        37.09311520951951,
        37.070756251722564
      ],
      "term_success_rates": [
        -1.0,
        -1.0,
        -1.0,
        -1.0
      ],
      "tokens_input": 44605,
      "tokens_output": 16460,
      "latency": 52.366612911224365
    },
    {
      "sample_idx": 3,
      "sample_id": 2121,
      "source_lang": "en",
      "target_lang": "es",
      "lang_pair": "en_es",
      "error": null,
      "chrf_scores": [
        28.680860384575624,
        67.74725692268025,
        67.87138991051805,
        67.87138991051805
      ],
      "bleu_scores": [
        2.359413996753942,
        38.087810288951715,
        38.42592222685242,
        38.42592222685242
      ],
      "term_success_rates": [
        -1.0,
        -1.0,
        -1.0,
        -1.0
      ],
      "tokens_input": 21975,
      "tokens_output": 8085,
      "latency": 22.48621129989624
    },
    {
      "sample_idx": 4,
      "sample_id": 2120,
      "source_lang": "en",
      "target_lang": "es",
      "lang_pair": "en_es",
      "error": null,
      "chrf_scores": [
        25.00921259608721,
        66.88157331172924,
        67.25759191416432,
        67.25759191416432
      ],
      "bleu_scores": [
        3.086289694468657,
        39.24955045691914,
        39.52826813435574,
        39.52826813435574
      ],
      "term_success_rates": [
        -1.0,
        -1.0,
        -1.0,
        -1.0
      ],
      "tokens_input": 17155,
      "tokens_output": 6116,
      "latency": 19.951043128967285
    },
    {
      "sample_idx": 5,
      "sample_id": 3345,
      "source_lang": "en",
      "target_lang": "es",
      "lang_pair": "en_es",
      "error": null,
      "chrf_scores": [
        30.7220052588553,
        68.4133165067688,
        68.4133165067688,
        68.4133165067688
      ],
      "bleu_scores": [
        2.7641477776060124,
        37.07828843742809,
        37.07828843742809,
        37.07828843742809
      ],
      "term_success_rates": [
        -1.0,
        -1.0,
        -1.0,
        -1.0
      ],
      "tokens_input": 18102,
      "tokens_output": 6701,
      "latency": 19.40581488609314
    },
    {
      "sample_idx": 6,
      "sample_id": 1833,
      "source_lang": "en",
      "target_lang": "es",
      "lang_pair": "en_es",
      "error": null,
      "chrf_scores": [
        37.98070415233594,
        68.68888338197088,
        68.73461879389514,
        68.73461879389514
      ],
      "bleu_scores": [
        6.0470787859034685,
        40.748024282128384,
        40.89447599456073,
        40.89447599456073
      ],
      "term_success_rates": [
        -1.0,
        -1.0,
        -1.0,
        -1.0
      ],
      "tokens_input": 21291,
      "tokens_output": 7992,
      "latency": 30.412169694900513
    },
    {
      "sample_idx": 7,
      "sample_id": 2261,
      "source_lang": "en",
      "target_lang": "es",
      "lang_pair": "en_es",
      "error": null,
      "chrf_scores": [
        31.925583270497633,
        72.80116221710621,
        72.80116221710621,
        72.80116221710621
      ],
      "bleu_scores": [
        8.59898811139033,
        49.19423327221447,
        49.19423327221447,
        49.19423327221447
      ],
      "term_success_rates": [
        -1.0,
        -1.0,
        -1.0,
        -1.0
      ],
      "tokens_input": 18700,
      "tokens_output": 6802,
      "latency": 20.92023468017578
    },
    {
      "sample_idx": 8,
      "sample_id": 1880,
      "source_lang": "en",
      "target_lang": "es",
      "lang_pair": "en_es",
      "error": null,
      "chrf_scores": [
        26.09203577198323,
        67.77013316062634,
        67.77013316062634,
        67.77013316062634
      ],
      "bleu_scores": [
        2.341661114309368,
        40.28260698968162,
        40.28260698968162,
        40.28260698968162
      ],
      "term_success_rates": [
        -1.0,
        -1.0,
        -1.0,
        -1.0
      ],
      "tokens_input": 19597,
      "tokens_output": 7357,
      "latency": 27.23351001739502
    },
    {
      "sample_idx": 9,
      "sample_id": 2658,
      "source_lang": "en",
      "target_lang": "es",
      "lang_pair": "en_es",
      "error": null,
      "chrf_scores": [
        33.01763260934134,
        73.17312964787183,
        73.17312964787183,
        73.17312964787183
      ],
      "bleu_scores": [
        7.990783145626299,
        49.873567091143386,
        49.873567091143386,
        49.873567091143386
      ],
      "term_success_rates": [
        -1.0,
        -1.0,
        -1.0,
        -1.0
      ],
      "tokens_input": 21526,
      "tokens_output": 7903,
      "latency": 22.69579291343689
    },
    {
      "sample_idx": 10,
      "sample_id": 2119,
      "source_lang": "en",
      "target_lang": "es",
      "lang_pair": "en_es",
      "error": null,
      "chrf_scores": [
        26.768921432221937,
        70.57941059362363,
        70.57941059362363,
        70.57941059362363
      ],
      "bleu_scores": [
        1.6823759006489944,
        42.573127653469875,
        42.573127653469875,
        42.573127653469875
      ],
      "term_success_rates": [
        -1.0,
        -1.0,
        -1.0,
        -1.0
      ],
      "tokens_input": 20126,
      "tokens_output": 7327,
      "latency": 22.044880628585815
    },
    {
      "sample_idx": 11,
      "sample_id": 1962,
      "source_lang": "en",
      "target_lang": "es",
      "lang_pair": "en_es",
      "error": null,
      "chrf_scores": [
        36.60795771555364,
        69.78838766808842,
        69.7641901743306,
        69.7641901743306
      ],
      "bleu_scores": [
        4.814077186770626,
        41.39074148839964,
        41.64256833821216,
        41.64256833821216
      ],
      "term_success_rates": [
        -1.0,
        -1.0,
        -1.0,
        -1.0
      ],
      "tokens_input": 21499,
      "tokens_output": 8129,
      "latency": 23.23571014404297
    },
    {
      "sample_idx": 12,
      "sample_id": 1874,
      "source_lang": "en",
      "target_lang": "es",
      "lang_pair": "en_es",
      "error": null,