{
  "dataset": "dolfin_en_it",
  "workflow": "SbS_chat_step_by_step",
  "model": "qwen3-235b",
  "total_samples": 13,
  "successful_samples": 13,
  "failed_samples": 0,
  "samples": [
    {
      "sample_idx": 0,
      "sample_id": 561,
      "source_lang": "en",
      "target_lang": "it",
      "lang_pair": "en_it",
      "error": null,
      "chrf_scores": [
        33.420380862507905,
        76.44222590843401,
        75.07117495053053,
        75.07117495053053
      ],
      "bleu_scores": [
        3.873014563860635,
        49.708640594751884,
        49.451165119919715,
        49.451165119919715
      ],
      "term_success_rates": [
        -1.0,
        -1.0,
        -1.0,
        -1.0
      ],
      "tokens_input": 19082,
      "tokens_output": 6811,
      "latency": 140.8211498260498
    },
    {
      "sample_idx": 1,
      "sample_id": 1449,
      "source_lang": "en",
      "target_lang": "it",
      "lang_pair": "en_it",
      "error": null,
      "chrf_scores": [
        35.37241129003589,
        66.94565996958919,
        66.0546194608303,
        66.069595206228
      ],
      "bleu_scores": [
        3.314202197561227,
        34.28001516895964,
        33.64243193598509,
        33.65299305231833
      ],
      "term_success_rates": [
        -1.0,
        -1.0,
        -1.0,
        -1.0
      ],
      "tokens_input": 18852,
      "tokens_output": 6942,
      "latency": 113.03466844558716
    },
    {
      "sample_idx": 2,
      "sample_id": 1504,
      "source_lang": "en",
      "target_lang": "it",
      "lang_pair": "en_it",
      "error": null,
      "chrf_scores": [
        37.20846593049286,
        68.60003685780785,
        59.71793798555163,
        59.71793798555163
      ],
      "bleu_scores": [
        1.2146674028886184,
        38.19282173748468,
        26.839534331136257,
        26.839534331136257
      ],
      "term_success_rates": [
        -1.0,
        -1.0,
        -1.0,
        -1.0
      ],
      "tokens_input": 17710,
      "tokens_output": 6110,
      "latency": 99.55005860328674
    },
    {
      "sample_idx": 3,
      "sample_id": 758,
      "source_lang": "en",
      "target_lang": "it",
      "lang_pair": "en_it",
      "error": null,
      "chrf_scores": [
        27.648671461734292,
        70.69284565255536,
        70.6419451567465,
        70.6419451567465
      ],
      "bleu_scores": [
        3.7130801174957955,
        36.70461069977991,
        36.513793526265225,
        36.513793526265225
      ],
      "term_success_rates": [
        -1.0,
        -1.0,
        -1.0,
        -1.0
      ],
      "tokens_input": 35811,
      "tokens_output": 13017,
      "latency": 380.8429391384125
    },
    {
      "sample_idx": 4,
      "sample_id": 155,
      "source_lang": "en",
      "target_lang": "it",
      "lang_pair": "en_it",
      "error": null,
      "chrf_scores": [
        33.66901230321837,
        75.82406010386156,
        75.0724426507772,
        75.11611815525714
      ],
      "bleu_scores": [
        1.710408829911692,
        48.94513496875679,
        48.23569364633857,
        48.41705492055683
      ],
      "term_success_rates": [
        -1.0,
        -1.0,
        -1.0,
        -1.0
      ],
      "tokens_input": 21284,
      "tokens_output": 7629,
      "latency": 138.80584859848022
    },
    {
      "sample_idx": 5,
      "sample_id": 109,
      "source_lang": "en",
      "target_lang": "it",
      "lang_pair": "en_it",
      "error": null,
      "chrf_scores": [
        17.762186472515832,
        60.05285896404337,
        59.74760713546653,
        59.75410711902875
      ],
      "bleu_scores": [
        1.6490588624202804,
        29.4162006844918,
        28.712100487165877,
        28.712100487165877
      ],
      "term_success_rates": [
        -1.0,
        -1.0,
        -1.0,
        -1.0
      ],
      "tokens_input": 41454,
      "tokens_output": 12872,
      "latency": 445.5805354118347
    },
    {
      "sample_idx": 6,
      "sample_id": 759,
      "source_lang": "en",
      "target_lang": "it",
      "lang_pair": "en_it",
      "error": null,
      "chrf_scores": [
        32.830104576776534,
        68.97846930098748,
        63.43537031363956,
        63.43537031363956
      ],
      "bleu_scores": [
        5.11073350529534,
        37.09413343885961,
        31.595395996641553,
        31.595395996641553
      ],
      "term_success_rates": [
        -1.0,
        -1.0,
        -1.0,
        -1.0
      ],
      "tokens_input": 29040,
      "tokens_output": 9941,
      "latency": 163.05007815361023
    },
    {
      "sample_idx": 7,
      "sample_id": 424,
      "source_lang": "en",
      "target_lang": "it",
      "lang_pair": "en_it",
      "error": null,
      "chrf_scores": [
        31.757877787831074,
        72.52585762438343,
        70.98421490618391,
        70.98421490618391
      ],
      "bleu_scores": [
        4.370180544192817,
        42.54287505976423,
        38.52963081586973,
        38.52963081586973
      ],
      "term_success_rates": [
        -1.0,
        -1.0,
        -1.0,
        -1.0
      ],
      "tokens_input": 31834,
      "tokens_output": 11823,
      "latency": 192.42095136642456
    },
    {
      "sample_idx": 8,
      "sample_id": 509,
      "source_lang": "en",
      "target_lang": "it",
      "lang_pair": "en_it",
      "error": null,
      "chrf_scores": [
        31.536102439636725,
        67.83477861074132,
        67.67998429086727,
        67.61983383639843
      ],
      "bleu_scores": [
        1.0136741425980182,
        32.27940942096414,
        32.11920857879332,
        32.112425670201795
      ],
      "term_success_rates": [
        -1.0,
        -1.0,
        -1.0,
        -1.0
      ],
      "tokens_input": 21108,
      "tokens_output": 7815,
      "latency": 127.06550192832947
    },
    {
      "sample_idx": 9,
      "sample_id": 810,
      "source_lang": "en",
      "target_lang": "it",
      "lang_pair": "en_it",
      "error": null,
      "chrf_scores": [
        36.456942560656216,
        74.9565311588288,
        71.30643484190846,
        71.38835415129407
      ],
      "bleu_scores": [
        2.8075719084238324,
        51.60207299375896,
        46.23990453998978,
        46.24234877416647
      ],
      "term_success_rates": [
        -1.0,
        -1.0,
        -1.0,
        -1.0
      ],
      "tokens_input": 21006,
      "tokens_output": 7434,
      "latency": 121.30407953262329
    },
    {
      "sample_idx": 10,
      "sample_id": 444,
      "source_lang": "en",
      "target_lang": "it",
      "lang_pair": "en_it",
      "error": null,
      "chrf_scores": [
        41.681196700858706,
        69.15808687588806,
        67.1809402860495,
        67.18998499370923
      ],
      "bleu_scores": [
        3.382902283210945,
        38.256789523300114,
        37.5340851702718,
        37.54486618105466
      ],
      "term_success_rates": [
        -1.0,
        -1.0,
        -1.0,
        -1.0
      ],
      "tokens_input": 21100,
      "tokens_output": 7717,
      "latency": 137.01194381713867
    },
    {
      "sample_idx": 11,
      "sample_id": 760,
      "source_lang": "en",
      "target_lang": "it",
      "lang_pair": "en_it",
      "error": null,
      "chrf_scores": [
        26.01210124743409,
        68.69185304647225,
        60.857401419332405,
        60.857401419332405
      ],
      "bleu_scores": [
        3.233935741012075,
        37.18211598738103,
        29.64315072497479,
        29.64315072497479
      ],
      "term_success_rates": [
        -1.0,
        -1.0,
        -1.0,
        -1.0
      ],
      "tokens_input": 29035,
      "tokens_output": 9641,
      "latency": 167.478289604187
    },
    {
      "sample_idx": 12,
      "sample_id": 1519,
      "source_lang": "en",
      "target_lang": "it",
      "lang_pair": "en_it",
      "error": null,