{
  "dataset": "dolfin_en_it",
  "workflow": "ADT_multi_agents",
  "model": "qwen3-32b",
  "total_samples": 13,
  "successful_samples": 13,
  "failed_samples": 0,
  "samples": [
    {
      "sample_idx": 0,
      "sample_id": 561,
      "source_lang": "en",
      "target_lang": "it",
      "lang_pair": "en_it",
      "error": null,
      "chrf_scores": [
        0.3119385017551996,
        3.094044645010447,
        7.214313684864844,
        41.483146770407394,
        7.18905341571706,
        0.7930450570764166,
        1.008730824032237,
        1.4480673703629718,
        5.914627067090961,
        10.967207395230433,
        5.291570559173131,
        7.636307176378017,
        73.31031026057346
      ],
      "bleu_scores": [
        1.8065180539845193e-69,
        3.3299899200086233e-12,
        0.00014172816191806612,
        12.44222583694412,
        6.828336812817993e-05,
        7.340969865078924e-48,
        2.0681811648632548e-47,
        1.7300864216674333e-27,
        0.00021519075950272656,
        0.02863884905369025,
        6.700637837182562e-07,
        0.0003534461534801442,
        43.76273635841112
      ],
      "term_success_rates": [
        -1.0,
        -1.0,
        -1.0,
        -1.0,
        -1.0,
        -1.0,
        -1.0,
        -1.0,
        -1.0,
        -1.0,
        -1.0,
        -1.0,
        -1.0
      ],
      "tokens_input": 43890,
      "tokens_output": 19878,
      "latency": 60.09031677246094
    },
    {
      "sample_idx": 1,
      "sample_id": 1449,
      "source_lang": "en",
      "target_lang": "it",
      "lang_pair": "en_it",
      "error": null,
      "chrf_scores": [
        2.5593015303401505,
        3.1738759915487718,
        12.802044667371032,
        8.8186176885702,
        6.821023161994037,
        7.642652380460222,
        36.35842357709807,
        3.4503436347740237,
        2.1432087919176332,
        65.13554369300215
      ],
      "bleu_scores": [
        7.97027370059337e-12,
        3.96781264485146e-13,
        0.13410208336225668,
        0.0020719533404799264,
        0.00044834785457616215,
        0.0011555763071066007,
        10.506069476166324,
        9.280953544193823e-10,
        1.0424849843701586e-17,
        31.900651268625012
      ],
      "term_success_rates": [
        -1.0,
        -1.0,
        -1.0,
        -1.0,
        -1.0,
        -1.0,
        -1.0,
        -1.0,
        -1.0,
        -1.0
      ],
      "tokens_input": 25197,
      "tokens_output": 11086,
      "latency": 40.801111459732056
    },
    {
      "sample_idx": 2,
      "sample_id": 1504,
      "source_lang": "en",
      "target_lang": "it",
      "lang_pair": "en_it",
      "error": null,
      "chrf_scores": [
        38.53097313095544,
        12.987519752286556,
        7.177331856558925,
        18.781730424700562,
        2.2251976942017246,
        7.321711607071596,
        67.61070226133046
      ],
      "bleu_scores": [
        13.2468838961892,
        0.17098855043020098,
        0.0028394943008692277,
        0.9361105077909649,
        2.7432545925033597e-12,
        5.868526002115017e-05,
        36.67753951472971
      ],
      "term_success_rates": [
        -1.0,
        -1.0,
        -1.0,
        -1.0,
        -1.0,
        -1.0,
        -1.0
      ],
      "tokens_input": 18518,
      "tokens_output": 8362,
      "latency": 32.7269446849823
    },
    {
      "sample_idx": 3,
      "sample_id": 758,
      "source_lang": "en",
      "target_lang": "it",
      "lang_pair": "en_it",
      "error": null,
      "chrf_scores": [
        14.918146301952042,
        6.070942973216745,
        2.9669613007276086,
        1.951604912243189,
        0.8923900882319181,
        1.5037846991258879,
        2.8957712714822734,
        0.9218032312022999,
        2.3479136749527414,
        1.5868263304649985,
        13.866802796462679,
        1.565882520531094,
        1.0736213880438452,
        11.393701044471657,
        0.6355950817335625,
        7.231035707950542,
        6.604101495511591,
        8.136307194458658,
        1.0410829898614666,
        2.7588674751202067,
        1.1134798499619913,
        67.5387289162209
      ],
      "bleu_scores": [
        0.305785284302374,
        2.403056505517966e-05,
        2.5018445769827584e-12,
        7.10005732241895e-15,
        2.2464746254452845e-35,
        5.778424744960448e-25,
        2.3041733347542444e-12,
        2.6747661620238406e-45,
        4.038468696113249e-18,
        1.5930437664700844e-24,
        0.15183643966788252,
        3.068593289539709e-23,
        2.208009781697109e-47,
        0.0324917381824364,
        1.526243898975629e-67,
        9.846770412897243e-05,
        6.062996282173657e-05,
        0.001562236938977721,
        1.9073474848491617e-47,
        1.4777812024803182e-13,
        9.672637578429446e-40,
        31.89922869502745
      ],
      "term_success_rates": [
        -1.0,
        -1.0,
        -1.0,
        -1.0,
        -1.0,
        -1.0,
        -1.0,
        -1.0,
        -1.0,
        -1.0,
        -1.0,
        -1.0,
        -1.0,
        -1.0,
        -1.0,
        -1.0,
        -1.0,
        -1.0,
        -1.0,
        -1.0,
        -1.0,
        -1.0
      ],
      "tokens_input": 114483,
      "tokens_output": 53464,
      "latency": 145.76599788665771
    },
    {
      "sample_idx": 4,
      "sample_id": 155,
      "source_lang": "en",
      "target_lang": "it",
      "lang_pair": "en_it",
      "error": null,
      "chrf_scores": [
        22.11969833133453,
        6.014674728838469,
        0.882779672292615,
        5.1970471948793815,
        3.3465197443806236,
        41.71312558691555,
        12.828895720612413,
        0.9201413739853744,
        75.18253655488645
      ],
      "bleu_scores": [
        1.7432812556990567,
        4.43250182541385e-06,
        2.524103340376546e-42,
        1.1670314616720142e-06,
        2.3435260265251833e-12,
        17.62658748344286,
        0.06999674732093104,
        8.390640339300578e-55,
        49.44897121012706
      ],
      "term_success_rates": [
        -1.0,
        -1.0,
        -1.0,
        -1.0,
        -1.0,
        -1.0,
        -1.0,
        -1.0,
        -1.0
      ],
      "tokens_input": 37159,
      "tokens_output": 18984,
      "latency": 55.459912061691284
    },
    {
      "sample_idx": 5,
      "sample_id": 109,
      "source_lang": "en",
      "target_lang": "it",
      "lang_pair": "en_it",
      "error": null,
      "chrf_scores": [
        0.12778206184446975,
        20.309922040340624,
        2.0382780048828932,
        9.342053042194063,
        21.056279236765896,
        0.7822666119827759,
        20.936682975979693,
        9.115114653141191,
        6.509557806205617,
        68.5747190160405
      ],
      "bleu_scores": [
        1.7883671229526752e-180,
        1.091094049266846,
        3.916910757076192e-20,
        0.0010405507339476274,
        0.9907689131025534,
        1.582292364121003e-54,
        1.2278790076779507,
        0.002561327013545284,
        3.4780425152190176e-05,
        33.39133700711305
      ],
      "term_success_rates": [
        -1.0,
        -1.0,
        -1.0,
        -1.0,
        -1.0,
        -1.0,
        -1.0,
        -1.0,
        -1.0,
        -1.0
      ],
      "tokens_input": 27951,
      "tokens_output": 9916,
      "latency": 49.85560154914856
    },
    {
      "sample_idx": 6,
      "sample_id": 759,
      "source_lang": "en",
      "target_lang": "it",
      "lang_pair": "en_it",
      "error": null,
      "chrf_scores": [
        29.652150498549684,
        27.371969962823073,
        0.7831645052936166,
        6.716678312431107,
        2.156813507394461,
        12.235990062227886,
        0.456057329780487,
        0.6211001333333261,
        2.908302136946869,
        1.2996517295027057,
        66.73501517807561
      ],