{
  "dataset": "dolfin_en_es",
  "workflow": "SbS_chat_step_by_step",
  "model": "gpt-oss-120b",
  "total_samples": 17,
  "successful_samples": 17,
  "failed_samples": 0,
  "samples": [
    {
      "sample_idx": 0,
      "sample_id": 1869,
      "source_lang": "en",
      "target_lang": "es",
      "lang_pair": "en_es",
      "error": null,
      "chrf_scores": [
        27.039716488395232,
        70.88733607337177,
        71.26469994215402,
        63.576718306205834
      ],
      "bleu_scores": [
        1.8893767611669778,
        42.047631408176926,
        45.94490710933133,
        21.5035965615614
      ],
      "term_success_rates": [
        -1.0,
        -1.0,
        -1.0,
        -1.0
      ],
      "tokens_input": 18177,
      "tokens_output": 8269,
      "latency": 26.106011390686035
    },
    {
      "sample_idx": 1,
      "sample_id": 2444,
      "source_lang": "en",
      "target_lang": "es",
      "lang_pair": "en_es",
      "error": null,
      "chrf_scores": [
        26.697927959885988,
        61.1759729749679,
        63.522359382669556,
        57.946872110961955
      ],
      "bleu_scores": [
        0.9978615018995725,
        20.32928226997237,
        33.94681655224396,
        15.84172968733293
      ],
      "term_success_rates": [
        -1.0,
        -1.0,
        -1.0,
        -1.0
      ],
      "tokens_input": 23574,
      "tokens_output": 11375,
      "latency": 59.684791564941406
    },
    {
      "sample_idx": 2,
      "sample_id": 3386,
      "source_lang": "en",
      "target_lang": "es",
      "lang_pair": "en_es",
      "error": null,
      "chrf_scores": [
        19.054435169050414,
        65.84381082429753,
        61.829738640205974,
        61.53443684336635
      ],
      "bleu_scores": [
        0.29092639966929745,
        34.7641517137994,
        28.292418179797664,
        26.231122093263632
      ],
      "term_success_rates": [
        -1.0,
        -1.0,
        -1.0,
        -1.0
      ],
      "tokens_input": 46180,
      "tokens_output": 18170,
      "latency": 65.56015849113464
    },
    {
      "sample_idx": 3,
      "sample_id": 2121,
      "source_lang": "en",
      "target_lang": "es",
      "lang_pair": "en_es",
      "error": null,
      "chrf_scores": [
        24.942648918954884,
        68.37918635108339,
        68.7298860707305,
        60.90278827067003
      ],
      "bleu_scores": [
        1.0554064482364371,
        29.124219379792144,
        35.386852648206734,
        16.750816722692885
      ],
      "term_success_rates": [
        -1.0,
        -1.0,
        -1.0,
        -1.0
      ],
      "tokens_input": 22278,
      "tokens_output": 10764,
      "latency": 36.37553834915161
    },
    {
      "sample_idx": 4,
      "sample_id": 2120,
      "source_lang": "en",
      "target_lang": "es",
      "lang_pair": "en_es",
      "error": null,
      "chrf_scores": [
        34.83661487597667,
        56.88869565027562,
        60.21808655239633,
        60.84587654383638
      ],
      "bleu_scores": [
        3.5873143558431035,
        15.025237711340854,
        17.68238075649728,
        18.265536208986045
      ],
      "term_success_rates": [
        -1.0,
        -1.0,
        -1.0,
        -1.0
      ],
      "tokens_input": 27920,
      "tokens_output": 14222,
      "latency": 80.9851062297821
    },
    {
      "sample_idx": 5,
      "sample_id": 3345,
      "source_lang": "en",
      "target_lang": "es",
      "lang_pair": "en_es",
      "error": null,
      "chrf_scores": [
        31.464665077992514,
        69.65650676331532,
        55.93705873084186,
        61.662716672898256
      ],
      "bleu_scores": [
        1.4589517819042532,
        35.92734107681158,
        14.208140688599121,
        17.85637142132295
      ],
      "term_success_rates": [
        -1.0,
        -1.0,
        -1.0,
        -1.0
      ],
      "tokens_input": 22535,
      "tokens_output": 12243,
      "latency": 44.413567304611206
    },
    {
      "sample_idx": 6,
      "sample_id": 1833,
      "source_lang": "en",
      "target_lang": "es",
      "lang_pair": "en_es",
      "error": null,
      "chrf_scores": [
        31.7079297036204,
        69.76618783277033,
        69.86747783056333,
        60.70166915201902
      ],
      "bleu_scores": [
        2.095132827750757,
        42.11158812412536,
        43.00957005414592,
        19.13691290740079
      ],
      "term_success_rates": [
        -1.0,
        -1.0,
        -1.0,
        -1.0
      ],
      "tokens_input": 21112,
      "tokens_output": 10411,
      "latency": 34.45489001274109
    },
    {
      "sample_idx": 7,
      "sample_id": 2261,
      "source_lang": "en",
      "target_lang": "es",
      "lang_pair": "en_es",
      "error": null,
      "chrf_scores": [
        31.251202372256365,
        13.477544170650072,
        71.90327121954218,
        64.48149601738399
      ],
      "bleu_scores": [
        1.3840049312628602,
        1.07305817520758,
        37.88866250682274,
        21.841271730436663
      ],
      "term_success_rates": [
        -1.0,
        -1.0,
        -1.0,
        -1.0
      ],
      "tokens_input": 19101,
      "tokens_output": 9554,
      "latency": 62.14756226539612
    },
    {
      "sample_idx": 8,
      "sample_id": 1880,
      "source_lang": "en",
      "target_lang": "es",
      "lang_pair": "en_es",
      "error": null,
      "chrf_scores": [
        28.878420393262232,
        58.57178578771357,
        68.64007437418653,
        60.904502598793485
      ],
      "bleu_scores": [
        1.749567735589411,
        17.534904299240456,
        37.412446970522474,
        19.105726935536133
      ],
      "term_success_rates": [
        -1.0,
        -1.0,
        -1.0,
        -1.0
      ],
      "tokens_input": 26270,
      "tokens_output": 13479,
      "latency": 44.56423377990723
    },
    {
      "sample_idx": 9,
      "sample_id": 2658,
      "source_lang": "en",
      "target_lang": "es",
      "lang_pair": "en_es",
      "error": null,
      "chrf_scores": [
        28.16224592199005,
        70.04474230153667,
        64.53299475595429,
        65.57555931811724
      ],
      "bleu_scores": [
        4.264287556761432,
        39.55682124894856,
        21.87588398935548,
        23.27308277502589
      ],
      "term_success_rates": [
        -1.0,
        -1.0,
        -1.0,
        -1.0
      ],
      "tokens_input": 23789,
      "tokens_output": 11800,
      "latency": 43.233798027038574
    },
    {
      "sample_idx": 10,
      "sample_id": 2119,
      "source_lang": "en",
      "target_lang": "es",
      "lang_pair": "en_es",
      "error": null,
      "chrf_scores": [
        29.653351078780172,
        67.61527169194682,
        68.20766363686384,
        62.47199916986849
      ],
      "bleu_scores": [
        3.1075536256414638,
        26.910712279492046,
        40.17700271783118,
        19.688372965052732
      ],
      "term_success_rates": [
        -1.0,
        -1.0,
        -1.0,
        -1.0
      ],
      "tokens_input": 22616,
      "tokens_output": 10534,
      "latency": 33.827301263809204
    },
    {
      "sample_idx": 11,
      "sample_id": 1962,
      "source_lang": "en",
      "target_lang": "es",
      "lang_pair": "en_es",
      "error": null,
      "chrf_scores": [
        30.633314387767395,
        66.34309274957192,
        67.35331884025982,
        61.91512254192462
      ],
      "bleu_scores": [
        4.826067729423045,
        26.901506548983612,
        38.03961929328962,
        19.420074985035228
      ],
      "term_success_rates": [
        -1.0,
        -1.0,
        -1.0,
        -1.0
      ],
      "tokens_input": 21354,
      "tokens_output": 10079,
      "latency": 32.32821202278137
    },
    {
      "sample_idx": 12,
      "sample_id": 1874,
      "source_lang": "en",
      "target_lang": "es",
      "lang_pair": "en_es",
      "error": null,