{
  "dataset": "dolfin_en_es",
  "workflow": "SbS_chat_step_by_step",
  "model": "qwen3-235b",
  "total_samples": 17,
  "successful_samples": 17,
  "failed_samples": 0,
  "samples": [
    {
      "sample_idx": 0,
      "sample_id": 1869,
      "source_lang": "en",
      "target_lang": "es",
      "lang_pair": "en_es",
      "error": null,
      "chrf_scores": [
        26.684435673165346,
        69.06947056252244,
        65.64844838366952,
        65.64844838366952
      ],
      "bleu_scores": [
        0.8764880166231211,
        39.326436200484345,
        36.58520034193798,
        36.58520034193798
      ],
      "term_success_rates": [
        -1.0,
        -1.0,
        -1.0,
        -1.0
      ],
      "tokens_input": 17778,
      "tokens_output": 6177,
      "latency": 78.13743019104004
    },
    {
      "sample_idx": 1,
      "sample_id": 2444,
      "source_lang": "en",
      "target_lang": "es",
      "lang_pair": "en_es",
      "error": null,
      "chrf_scores": [
        31.556419628620002,
        65.81299723292935,
        65.40890781407333,
        65.04894362166864
      ],
      "bleu_scores": [
        2.457891884365367,
        31.60909600426866,
        30.72830452293368,
        30.242155544108947
      ],
      "term_success_rates": [
        -1.0,
        -1.0,
        -1.0,
        -1.0
      ],
      "tokens_input": 20497,
      "tokens_output": 7429,
      "latency": 121.59764957427979
    },
    {
      "sample_idx": 2,
      "sample_id": 3386,
      "source_lang": "en",
      "target_lang": "es",
      "lang_pair": "en_es",
      "error": null,
      "chrf_scores": [
        24.47742406053936,
        66.90811596598138,
        64.71341702371403,
        64.71341702371403
      ],
      "bleu_scores": [
        2.4201385650066563,
        38.875418072557856,
        33.34579858783667,
        33.34579858783667
      ],
      "term_success_rates": [
        -1.0,
        -1.0,
        -1.0,
        -1.0
      ],
      "tokens_input": 40664,
      "tokens_output": 14346,
      "latency": 215.79507184028625
    },
    {
      "sample_idx": 3,
      "sample_id": 2121,
      "source_lang": "en",
      "target_lang": "es",
      "lang_pair": "en_es",
      "error": null,
      "chrf_scores": [
        41.75675118938163,
        72.03063229939217,
        71.4352492442823,
        70.35812744610644
      ],
      "bleu_scores": [
        4.487413017542598,
        42.771835579237404,
        41.918431559749536,
        39.81396070793589
      ],
      "term_success_rates": [
        -1.0,
        -1.0,
        -1.0,
        -1.0
      ],
      "tokens_input": 22741,
      "tokens_output": 8477,
      "latency": 114.74088311195374
    },
    {
      "sample_idx": 4,
      "sample_id": 2120,
      "source_lang": "en",
      "target_lang": "es",
      "lang_pair": "en_es",
      "error": null,
      "chrf_scores": [
        39.73004308843214,
        67.6295382648265,
        67.02500741699289,
        67.02500741699289
      ],
      "bleu_scores": [
        4.639031622410069,
        40.70693661104502,
        39.12406392832392,
        39.12406392832392
      ],
      "term_success_rates": [
        -1.0,
        -1.0,
        -1.0,
        -1.0
      ],
      "tokens_input": 18549,
      "tokens_output": 6827,
      "latency": 109.59699320793152
    },
    {
      "sample_idx": 5,
      "sample_id": 3345,
      "source_lang": "en",
      "target_lang": "es",
      "lang_pair": "en_es",
      "error": null,
      "chrf_scores": [
        37.3347623703186,
        69.58539066131064,
        66.68320639953178,
        66.68320639953178
      ],
      "bleu_scores": [
        2.572863918605603,
        38.231383760109495,
        33.696600591935635,
        33.696600591935635
      ],
      "term_success_rates": [
        -1.0,
        -1.0,
        -1.0,
        -1.0
      ],
      "tokens_input": 18264,
      "tokens_output": 6701,
      "latency": 99.5783760547638
    },
    {
      "sample_idx": 6,
      "sample_id": 1833,
      "source_lang": "en",
      "target_lang": "es",
      "lang_pair": "en_es",
      "error": null,
      "chrf_scores": [
        23.587699514200274,
        70.41981627041699,
        67.15440942530397,
        66.85516806037214
      ],
      "bleu_scores": [
        1.6846041387550375,
        42.37518946289787,
        37.99166257779422,
        37.71544302776717
      ],
      "term_success_rates": [
        -1.0,
        -1.0,
        -1.0,
        -1.0
      ],
      "tokens_input": 18634,
      "tokens_output": 6581,
      "latency": 104.61055612564087
    },
    {
      "sample_idx": 7,
      "sample_id": 2261,
      "source_lang": "en",
      "target_lang": "es",
      "lang_pair": "en_es",
      "error": null,
      "chrf_scores": [
        42.5756238266648,
        75.94489019670587,
        73.9409257912106,
        73.9409257912106
      ],
      "bleu_scores": [
        7.092157470437332,
        52.824837508628875,
        48.86777048351311,
        48.86777048351311
      ],
      "term_success_rates": [
        -1.0,
        -1.0,
        -1.0,
        -1.0
      ],
      "tokens_input": 19641,
      "tokens_output": 7353,
      "latency": 118.40900754928589
    },
    {
      "sample_idx": 8,
      "sample_id": 1880,
      "source_lang": "en",
      "target_lang": "es",
      "lang_pair": "en_es",
      "error": null,
      "chrf_scores": [
        34.84174646487241,
        72.30019748339855,
        71.92154685812775,
        71.92154685812775
      ],
      "bleu_scores": [
        2.783238129716627,
        46.91045456295263,
        45.66533459179016,
        45.66533459179016
      ],
      "term_success_rates": [
        -1.0,
        -1.0,
        -1.0,
        -1.0
      ],
      "tokens_input": 20464,
      "tokens_output": 7877,
      "latency": 117.84261131286621
    },
    {
      "sample_idx": 9,
      "sample_id": 2658,
      "source_lang": "en",
      "target_lang": "es",
      "lang_pair": "en_es",
      "error": null,
      "chrf_scores": [
        32.395427919602085,
        75.07909704225294,
        70.22274163189677,
        70.18600349958164
      ],
      "bleu_scores": [
        3.51922959020088,
        54.0497475516123,
        46.3265488679945,
        46.156203358162216
      ],
      "term_success_rates": [
        -1.0,
        -1.0,
        -1.0,
        -1.0
      ],
      "tokens_input": 21548,
      "tokens_output": 7691,
      "latency": 109.8043761253357
    },
    {
      "sample_idx": 10,
      "sample_id": 2119,
      "source_lang": "en",
      "target_lang": "es",
      "lang_pair": "en_es",
      "error": null,
      "chrf_scores": [
        40.35193601874978,
        73.30205575727352,
        71.86995851372231,
        71.09588244791453
      ],
      "bleu_scores": [
        3.6143703950405763,
        46.44865060393184,
        44.50147687628042,
        43.014566612685
      ],
      "term_success_rates": [
        -1.0,
        -1.0,
        -1.0,
        -1.0
      ],
      "tokens_input": 21698,
      "tokens_output": 8069,
      "latency": 120.85908627510071
    },
    {
      "sample_idx": 11,
      "sample_id": 1962,
      "source_lang": "en",
      "target_lang": "es",
      "lang_pair": "en_es",
      "error": null,
      "chrf_scores": [
        40.72896199666257,
        70.56246798299316,
        70.56404056512075,
        70.56404056512075
      ],
      "bleu_scores": [
        5.433081646525543,
        42.18657999907842,
        42.02079020824563,
        42.02079020824563
      ],
      "term_success_rates": [
        -1.0,
        -1.0,
        -1.0,
        -1.0
      ],
      "tokens_input": 20151,
      "tokens_output": 7463,
      "latency": 110.62808442115784
    },
    {
      "sample_idx": 12,
      "sample_id": 1874,
      "source_lang": "en",
      "target_lang": "es",
      "lang_pair": "en_es",
      "error": null,