{
  "dataset": "dolfin_en_de",
  "workflow": "SbS_chat_step_by_step",
  "model": "qwen3-235b",
  "total_samples": 13,
  "successful_samples": 13,
  "failed_samples": 0,
  "samples": [
    {
      "sample_idx": 0,
      "sample_id": 3873,
      "source_lang": "en",
      "target_lang": "de",
      "lang_pair": "en_de",
      "error": null,
      "chrf_scores": [
        26.611466744028654,
        74.44589151112024,
        73.75929743838793,
        73.75929743838793
      ],
      "bleu_scores": [
        2.711939461636158,
        42.45340159345554,
        41.28103531812601,
        41.28103531812601
      ],
      "term_success_rates": [
        -1.0,
        -1.0,
        -1.0,
        -1.0
      ],
      "tokens_input": 32479,
      "tokens_output": 11873,
      "latency": 186.4823296070099
    },
    {
      "sample_idx": 1,
      "sample_id": 4103,
      "source_lang": "en",
      "target_lang": "de",
      "lang_pair": "en_de",
      "error": null,
      "chrf_scores": [
        30.107216152129574,
        69.83373450010623,
        68.46980070739265,
        68.46980070739265
      ],
      "bleu_scores": [
        3.2461135844008036,
        35.606549996795785,
        33.199359958548555,
        33.199359958548555
      ],
      "term_success_rates": [
        -1.0,
        -1.0,
        -1.0,
        -1.0
      ],
      "tokens_input": 19637,
      "tokens_output": 7105,
      "latency": 106.91554284095764
    },
    {
      "sample_idx": 2,
      "sample_id": 3854,
      "source_lang": "en",
      "target_lang": "de",
      "lang_pair": "en_de",
      "error": null,
      "chrf_scores": [
        20.31380052815574,
        64.43720533926506,
        63.98239231466998,
        63.98239231466998
      ],
      "bleu_scores": [
        1.3241271528794987,
        34.68671793622157,
        34.134282056635314,
        34.134282056635314
      ],
      "term_success_rates": [
        -1.0,
        -1.0,
        -1.0,
        -1.0
      ],
      "tokens_input": 35832,
      "tokens_output": 12527,
      "latency": 261.78069281578064
    },
    {
      "sample_idx": 3,
      "sample_id": 4050,
      "source_lang": "en",
      "target_lang": "de",
      "lang_pair": "en_de",
      "error": null,
      "chrf_scores": [
        35.50239987779501,
        77.59986984012698,
        77.08352033062673,
        77.10890947001509
      ],
      "bleu_scores": [
        3.696452282335741,
        55.367660527446496,
        54.79189132248172,
        54.825925142482554
      ],
      "term_success_rates": [
        -1.0,
        -1.0,
        -1.0,
        -1.0
      ],
      "tokens_input": 19718,
      "tokens_output": 7267,
      "latency": 113.61947011947632
    },
    {
      "sample_idx": 4,
      "sample_id": 3832,
      "source_lang": "en",
      "target_lang": "de",
      "lang_pair": "en_de",
      "error": null,
      "chrf_scores": [
        28.09631624881188,
        61.22454260739445,
        59.745777318736245,
        59.745777318736245
      ],
      "bleu_scores": [
        1.3286337058518112,
        25.791582908473348,
        23.70447013342874,
        23.70447013342874
      ],
      "term_success_rates": [
        -1.0,
        -1.0,
        -1.0,
        -1.0
      ],
      "tokens_input": 19290,
      "tokens_output": 6828,
      "latency": 117.27896785736084
    },
    {
      "sample_idx": 5,
      "sample_id": 4246,
      "source_lang": "en",
      "target_lang": "de",
      "lang_pair": "en_de",
      "error": null,
      "chrf_scores": [
        28.499769653938305,
        69.3658631649097,
        65.79038541278129,
        65.79136121350805
      ],
      "bleu_scores": [
        1.6338788440728091,
        30.60882893123299,
        26.43530164136336,
        26.434938213132362
      ],
      "term_success_rates": [
        -1.0,
        -1.0,
        -1.0,
        -1.0
      ],
      "tokens_input": 32415,
      "tokens_output": 11711,
      "latency": 256.5900206565857
    },
    {
      "sample_idx": 6,
      "sample_id": 5479,
      "source_lang": "en",
      "target_lang": "de",
      "lang_pair": "en_de",
      "error": null,
      "chrf_scores": [
        23.23533372302861,
        71.63015948299922,
        67.11237571738542,
        67.18015486000542
      ],
      "bleu_scores": [
        2.0135044413592924,
        42.134320545215914,
        35.51811097475339,
        35.675162339609514
      ],
      "term_success_rates": [
        -1.0,
        -1.0,
        -1.0,
        -1.0
      ],
      "tokens_input": 23258,
      "tokens_output": 8145,
      "latency": 127.51425838470459
    },
    {
      "sample_idx": 7,
      "sample_id": 4875,
      "source_lang": "en",
      "target_lang": "de",
      "lang_pair": "en_de",
      "error": null,
      "chrf_scores": [
        30.265961867845864,
        74.30623730052814,
        70.13602049159398,
        69.65257699344605
      ],
      "bleu_scores": [
        1.3998171093531786,
        39.99706980573815,
        33.164805271378825,
        32.64994643849436
      ],
      "term_success_rates": [
        -1.0,
        -1.0,
        -1.0,
        -1.0
      ],
      "tokens_input": 20539,
      "tokens_output": 7622,
      "latency": 117.2465124130249
    },
    {
      "sample_idx": 8,
      "sample_id": 3965,
      "source_lang": "en",
      "target_lang": "de",
      "lang_pair": "en_de",
      "error": null,
      "chrf_scores": [
        20.852431892724884,
        69.16241735485093,
        69.15646047984217,
        69.18991737668414
      ],
      "bleu_scores": [
        0.7934908471330906,
        35.64606761558599,
        35.62416395321427,
        35.62416395321427
      ],
      "term_success_rates": [
        -1.0,
        -1.0,
        -1.0,
        -1.0
      ],
      "tokens_input": 37567,
      "tokens_output": 13484,
      "latency": 192.19356393814087
    },
    {
      "sample_idx": 9,
      "sample_id": 5576,
      "source_lang": "en",
      "target_lang": "de",
      "lang_pair": "en_de",
      "error": null,
      "chrf_scores": [
        21.79856847024481,
        69.40629873720817,
        69.16548176743042,
        69.16548176743042
      ],
      "bleu_scores": [
        0.9766770552776918,
        36.23496939217744,
        35.59884077138123,
        35.59884077138123
      ],
      "term_success_rates": [
        -1.0,
        -1.0,
        -1.0,
        -1.0
      ],
      "tokens_input": 25081,
      "tokens_output": 8981,
      "latency": 153.98244738578796
    },
    {
      "sample_idx": 10,
      "sample_id": 4200,
      "source_lang": "en",
      "target_lang": "de",
      "lang_pair": "en_de",
      "error": null,
      "chrf_scores": [
        22.22542883859184,
        70.4210774357432,
        70.39887128061956,
        70.45448660860396
      ],
      "bleu_scores": [
        0.5484639297788129,
        32.117473911371995,
        32.00293039184356,
        32.0106898515788
      ],
      "term_success_rates": [
        -1.0,
        -1.0,
        -1.0,
        -1.0
      ],
      "tokens_input": 26168,
      "tokens_output": 9810,
      "latency": 157.7780134677887
    },
    {
      "sample_idx": 11,
      "sample_id": 5120,
      "source_lang": "en",
      "target_lang": "de",
      "lang_pair": "en_de",
      "error": null,
      "chrf_scores": [
        27.036155817058667,
        61.811190086003485,
        60.495127886147394,
        60.52241374049464
      ],
      "bleu_scores": [
        0.8424432820553972,
        27.306279472757087,
        25.79769760305274,
        25.79769760305274
      ],
      "term_success_rates": [
        -1.0,
        -1.0,
        -1.0,
        -1.0
      ],
      "tokens_input": 20230,
      "tokens_output": 7490,
      "latency": 133.26972436904907
    },
    {
      "sample_idx": 12,
      "sample_id": 4442,
      "source_lang": "en",
      "target_lang": "de",
      "lang_pair": "en_de",
      "error": null,